Type,Anal.,Sample Name,Sample ID,Origin,Cal. Curve,Manual Dilution,Notes,Date / Time,Spl. No.,Inj. No.,Analysis(Inj.),Area,Conc.,Result,Excluded,Inj. Vol.,Notes,Remove
Unknown,NPOC,Vial 1,,C:\TOC-L\CalCurves\KP_lowNPOC_0_10.cal,C:\TOC-L\CalCurves\KP_lowNPOC_0_10.2019_10_02_14_58_37.cal,1,,11/20/2019 10:39:19 AM,1,1,NPOC,11.18,-14.34,NPOC:-1.224mg/L,1,50,,remove
Unknown,NPOC,Vial 1,,C:\TOC-L\CalCurves\KP_lowNPOC_0_10.cal,C:\TOC-L\CalCurves\KP_lowNPOC_0_10.2019_10_02_14_58_37.cal,1,,11/20/2019 10:41:41 AM,1,2,NPOC,1.082,-1.388,NPOC:-1.224mg/L,0,50,,
Unknown,NPOC,Vial 1,,C:\TOC-L\CalCurves\KP_lowNPOC_0_10.cal,C:\TOC-L\CalCurves\KP_lowNPOC_0_10.2019_10_02_14_58_37.cal,1,,11/20/2019 10:45:04 AM,1,3,NPOC,0.8269,-1.061,NPOC:-1.224mg/L,0,50,,
Unknown,NPOC,Vial 2,,C:\TOC-L\CalCurves\KP_lowNPOC_0_10.cal,C:\TOC-L\CalCurves\KP_lowNPOC_0_10.2019_10_02_14_58_37.cal,1,,11/20/2019 10:53:45 AM,1,1,NPOC,3.779,-4.848,NPOC:-0.7166mg/L,1,50,,
Unknown,NPOC,Vial 2,,C:\TOC-L\CalCurves\KP_lowNPOC_0_10.cal,C:\TOC-L\CalCurves\KP_lowNPOC_0_10.2019_10_02_14_58_37.cal,1,,11/20/2019 10:56:20 AM,1,2,NPOC,0.5298,-0.6796,NPOC:-0.7166mg/L,0,50,,
Unknown,NPOC,Vial 2,,C:\TOC-L\CalCurves\KP_lowNPOC_0_10.cal,C:\TOC-L\CalCurves\KP_lowNPOC_0_10.2019_10_02_14_58_37.cal,1,,11/20/2019 10:59:37 AM,1,3,NPOC,0.5874,-0.7535,NPOC:-0.7166mg/L,0,50,,
Unknown,NPOC,Vial 3,,C:\TOC-L\CalCurves\KP_lowNPOC_0_10.cal,C:\TOC-L\CalCurves\KP_lowNPOC_0_10.2019_10_02_14_58_37.cal,1,,11/20/2019 11:08:35 AM,1,1,NPOC,7.587,-9.733,NPOC:-1.184mg/L,1,50,,
Unknown,NPOC,Vial 3,,C:\TOC-L\CalCurves\KP_lowNPOC_0_10.cal,C:\TOC-L\CalCurves\KP_lowNPOC_0_10.2019_10_02_14_58_37.cal,1,,11/20/2019 11:10:53 AM,1,2,NPOC,1.341,-1.72,NPOC:-1.184mg/L,0,50,,
Unknown,NPOC,Vial 3,,C:\TOC-L\CalCurves\KP_lowNPOC_0_10.cal,C:\TOC-L\CalCurves\KP_lowNPOC_0_10.2019_10_02_14_58_37.cal,1,,11/20/2019 11:14:02 AM,1,3,NPOC,0.5056,-0.6486,NPOC:-1.184mg/L,0,50,,
Unknown,NPOC,Vial 4,,C:\TOC-L\CalCurves\KP_lowNPOC_0_10.cal,C:\TOC-L\CalCurves\KP_lowNPOC_0_10.2019_10_02_14_58_37.cal,1,,11/20/2019 11:23:04 AM,1,1,NPOC,12.66,-16.24,NPOC:-1.428mg/L,1,50,,
Unknown,NPOC,Vial 4,,C:\TOC-L\CalCurves\KP_lowNPOC_0_10.cal,C:\TOC-L\CalCurves\KP_lowNPOC_0_10.2019_10_02_14_58_37.cal,1,,11/20/2019 11:25:24 AM,1,2,NPOC,1.699,-2.179,NPOC:-1.428mg/L,0,50,,
Unknown,NPOC,Vial 4,,C:\TOC-L\CalCurves\KP_lowNPOC_0_10.cal,C:\TOC-L\CalCurves\KP_lowNPOC_0_10.2019_10_02_14_58_37.cal,1,,11/20/2019 11:28:18 AM,1,3,NPOC,0.5271,-0.6762,NPOC:-1.428mg/L,0,50,,
Unknown,NPOC,Vial 5,,C:\TOC-L\CalCurves\KP_lowNPOC_0_10.cal,C:\TOC-L\CalCurves\KP_lowNPOC_0_10.2019_10_02_14_58_37.cal,1,,11/20/2019 11:37:36 AM,1,1,NPOC,25.38,-32.56,NPOC:-1.232mg/L,1,50,,
Unknown,NPOC,Vial 5,,C:\TOC-L\CalCurves\KP_lowNPOC_0_10.cal,C:\TOC-L\CalCurves\KP_lowNPOC_0_10.2019_10_02_14_58_37.cal,1,,11/20/2019 11:39:45 AM,1,2,NPOC,1.081,-1.387,NPOC:-1.232mg/L,0,50,,
Unknown,NPOC,Vial 5,,C:\TOC-L\CalCurves\KP_lowNPOC_0_10.cal,C:\TOC-L\CalCurves\KP_lowNPOC_0_10.2019_10_02_14_58_37.cal,1,,11/20/2019 11:42:54 AM,1,3,NPOC,0.8401,-1.078,NPOC:-1.232mg/L,0,50,,
Unknown,NPOC,Vial 6,,C:\TOC-L\CalCurves\KP_lowNPOC_0_10.cal,C:\TOC-L\CalCurves\KP_lowNPOC_0_10.2019_10_02_14_58_37.cal,1,,11/20/2019 11:52:18 AM,1,1,NPOC,45.5,-58.37,NPOC:-1.250mg/L,1,50,,
Unknown,NPOC,Vial 6,,C:\TOC-L\CalCurves\KP_lowNPOC_0_10.cal,C:\TOC-L\CalCurves\KP_lowNPOC_0_10.2019_10_02_14_58_37.cal,1,,11/20/2019 11:54:39 AM,1,2,NPOC,1.415,-1.815,NPOC:-1.250mg/L,0,50,,
Unknown,NPOC,Vial 6,,C:\TOC-L\CalCurves\KP_lowNPOC_0_10.cal,C:\TOC-L\CalCurves\KP_lowNPOC_0_10.2019_10_02_14_58_37.cal,1,,11/20/2019 11:57:49 AM,1,3,NPOC,0.534,-0.685,NPOC:-1.250mg/L,0,50,,
Unknown,NPOC,Vial 7,,C:\TOC-L\CalCurves\KP_lowNPOC_0_10.cal,C:\TOC-L\CalCurves\KP_lowNPOC_0_10.2019_10_02_14_58_37.cal,1,,11/20/2019 12:07:35 PM,1,1,NPOC,89.76,-115.1,NPOC:-1.279mg/L,1,50,,
Unknown,NPOC,Vial 7,,C:\TOC-L\CalCurves\KP_lowNPOC_0_10.cal,C:\TOC-L\CalCurves\KP_lowNPOC_0_10.2019_10_02_14_58_37.cal,1,,11/20/2019 12:09:55 PM,1,2,NPOC,1.48,-1.899,NPOC:-1.279mg/L,0,50,,
Unknown,NPOC,Vial 7,,C:\TOC-L\CalCurves\KP_lowNPOC_0_10.cal,C:\TOC-L\CalCurves\KP_lowNPOC_0_10.2019_10_02_14_58_37.cal,1,,11/20/2019 12:12:49 PM,1,3,NPOC,0.5142,-0.6596,NPOC:-1.279mg/L,0,50,,
Unknown,NPOC,Vial 8,,C:\TOC-L\CalCurves\KP_lowNPOC_0_10.cal,C:\TOC-L\CalCurves\KP_lowNPOC_0_10.2019_10_02_14_58_37.cal,1,,11/20/2019 12:22:26 PM,1,1,NPOC,80.23,-102.9,NPOC:-0.9562mg/L,1,50,,
Unknown,NPOC,Vial 8,,C:\TOC-L\CalCurves\KP_lowNPOC_0_10.cal,C:\TOC-L\CalCurves\KP_lowNPOC_0_10.2019_10_02_14_58_37.cal,1,,11/20/2019 12:24:35 PM,1,2,NPOC,0.8437,-1.082,NPOC:-0.9562mg/L,0,50,,
Unknown,NPOC,Vial 8,,C:\TOC-L\CalCurves\KP_lowNPOC_0_10.cal,C:\TOC-L\CalCurves\KP_lowNPOC_0_10.2019_10_02_14_58_37.cal,1,,11/20/2019 12:27:49 PM,1,3,NPOC,0.6471,-0.8301,NPOC:-0.9562mg/L,0,50,,
Unknown,NPOC,Vial 9,,C:\TOC-L\CalCurves\KP_lowNPOC_0_10.cal,C:\TOC-L\CalCurves\KP_lowNPOC_0_10.2019_10_02_14_58_37.cal,1,,11/20/2019 12:37:45 PM,1,1,NPOC,86.23,-110.6,NPOC:-1.504mg/L,1,50,,
Unknown,NPOC,Vial 9,,C:\TOC-L\CalCurves\KP_lowNPOC_0_10.cal,C:\TOC-L\CalCurves\KP_lowNPOC_0_10.2019_10_02_14_58_37.cal,1,,11/20/2019 12:39:57 PM,1,2,NPOC,1.54,-1.976,NPOC:-1.504mg/L,0,50,,
Unknown,NPOC,Vial 9,,C:\TOC-L\CalCurves\KP_lowNPOC_0_10.cal,C:\TOC-L\CalCurves\KP_lowNPOC_0_10.2019_10_02_14_58_37.cal,1,,11/20/2019 12:43:19 PM,1,3,NPOC,0.8047,-1.032,NPOC:-1.504mg/L,0,50,,
Unknown,NPOC,Vial 10,,C:\TOC-L\CalCurves\KP_lowNPOC_0_10.cal,C:\TOC-L\CalCurves\KP_lowNPOC_0_10.2019_10_02_14_58_37.cal,1,,11/20/2019 12:53:18 PM,1,1,NPOC,83.2,-106.7,NPOC:-1.104mg/L,1,50,,
Unknown,NPOC,Vial 10,,C:\TOC-L\CalCurves\KP_lowNPOC_0_10.cal,C:\TOC-L\CalCurves\KP_lowNPOC_0_10.2019_10_02_14_58_37.cal,1,,11/20/2019 12:55:27 PM,1,2,NPOC,1.189,-1.525,NPOC:-1.104mg/L,0,50,,
Unknown,NPOC,Vial 10,,C:\TOC-L\CalCurves\KP_lowNPOC_0_10.cal,C:\TOC-L\CalCurves\KP_lowNPOC_0_10.2019_10_02_14_58_37.cal,1,,11/20/2019 12:58:36 PM,1,3,NPOC,0.5318,-0.6822,NPOC:-1.104mg/L,0,50,,
Unknown,NPOC,Vial 11,,C:\TOC-L\CalCurves\KP_lowNPOC_0_10.cal,C:\TOC-L\CalCurves\KP_lowNPOC_0_10.2019_10_02_14_58_37.cal,1,,11/20/2019 1:08:38 PM,1,1,NPOC,91.36,-117.2,NPOC:-1.322mg/L,1,50,,
Unknown,NPOC,Vial 11,,C:\TOC-L\CalCurves\KP_lowNPOC_0_10.cal,C:\TOC-L\CalCurves\KP_lowNPOC_0_10.2019_10_02_14_58_37.cal,1,,11/20/2019 1:10:57 PM,1,2,NPOC,1.493,-1.915,NPOC:-1.322mg/L,0,50,,
Unknown,NPOC,Vial 11,,C:\TOC-L\CalCurves\KP_lowNPOC_0_10.cal,C:\TOC-L\CalCurves\KP_lowNPOC_0_10.2019_10_02_14_58_37.cal,1,,11/20/2019 1:13:50 PM,1,3,NPOC,0.5688,-0.7297,NPOC:-1.322mg/L,0,50,,
Unknown,NPOC,Vial 12,,C:\TOC-L\CalCurves\KP_lowNPOC_0_10.cal,C:\TOC-L\CalCurves\KP_lowNPOC_0_10.2019_10_02_14_58_37.cal,1,,11/20/2019 1:23:47 PM,1,1,NPOC,92.19,-118.3,NPOC:-1.624mg/L,1,50,,
Unknown,NPOC,Vial 12,,C:\TOC-L\CalCurves\KP_lowNPOC_0_10.cal,C:\TOC-L\CalCurves\KP_lowNPOC_0_10.2019_10_02_14_58_37.cal,1,,11/20/2019 1:25:56 PM,1,2,NPOC,1.672,-2.145,NPOC:-1.624mg/L,0,50,,
Unknown,NPOC,Vial 12,,C:\TOC-L\CalCurves\KP_lowNPOC_0_10.cal,C:\TOC-L\CalCurves\KP_lowNPOC_0_10.2019_10_02_14_58_37.cal,1,,11/20/2019 1:29:07 PM,1,3,NPOC,0.8599,-1.103,NPOC:-1.624mg/L,0,50,,
Unknown,NPOC,Vial 13,,C:\TOC-L\CalCurves\KP_lowNPOC_0_10.cal,C:\TOC-L\CalCurves\KP_lowNPOC_0_10.2019_10_02_14_58_37.cal,1,,11/20/2019 1:38:41 PM,1,1,NPOC,32.56,-41.77,NPOC:-0.9273mg/L,1,50,,
Unknown,NPOC,Vial 13,,C:\TOC-L\CalCurves\KP_lowNPOC_0_10.cal,C:\TOC-L\CalCurves\KP_lowNPOC_0_10.2019_10_02_14_58_37.cal,1,,11/20/2019 1:40:50 PM,1,2,NPOC,1.079,-1.384,NPOC:-0.9273mg/L,0,50,,
Unknown,NPOC,Vial 13,,C:\TOC-L\CalCurves\KP_lowNPOC_0_10.cal,C:\TOC-L\CalCurves\KP_lowNPOC_0_10.2019_10_02_14_58_37.cal,1,,11/20/2019 1:44:00 PM,1,3,NPOC,0.3668,-0.4705,NPOC:-0.9273mg/L,0,50,,
Unknown,NPOC,Vial 14,,C:\TOC-L\CalCurves\KP_lowNPOC_0_10.cal,C:\TOC-L\CalCurves\KP_lowNPOC_0_10.2019_10_02_14_58_37.cal,1,,11/20/2019 1:53:30 PM,1,1,NPOC,38.43,-49.3,NPOC:-1.535mg/L,1,50,,
Unknown,NPOC,Vial 14,,C:\TOC-L\CalCurves\KP_lowNPOC_0_10.cal,C:\TOC-L\CalCurves\KP_lowNPOC_0_10.2019_10_02_14_58_37.cal,1,,11/20/2019 1:55:45 PM,1,2,NPOC,1.396,-1.791,NPOC:-1.535mg/L,0,50,,
Unknown,NPOC,Vial 14,,C:\TOC-L\CalCurves\KP_lowNPOC_0_10.cal,C:\TOC-L\CalCurves\KP_lowNPOC_0_10.2019_10_02_14_58_37.cal,1,,11/20/2019 1:58:56 PM,1,3,NPOC,0.997,-1.279,NPOC:-1.535mg/L,0,50,,
Unknown,NPOC,Vial 15,,C:\TOC-L\CalCurves\KP_lowNPOC_0_10.cal,C:\TOC-L\CalCurves\KP_lowNPOC_0_10.2019_10_02_14_58_37.cal,1,,11/20/2019 2:08:09 PM,1,1,NPOC,28.16,-36.12,NPOC:-1.057mg/L,1,50,,
Unknown,NPOC,Vial 15,,C:\TOC-L\CalCurves\KP_lowNPOC_0_10.cal,C:\TOC-L\CalCurves\KP_lowNPOC_0_10.2019_10_02_14_58_37.cal,1,,11/20/2019 2:10:18 PM,1,2,NPOC,1.13,-1.45,NPOC:-1.057mg/L,0,50,,
Unknown,NPOC,Vial 15,,C:\TOC-L\CalCurves\KP_lowNPOC_0_10.cal,C:\TOC-L\CalCurves\KP_lowNPOC_0_10.2019_10_02_14_58_37.cal,1,,11/20/2019 2:13:25 PM,1,3,NPOC,0.518,-0.6645,NPOC:-1.057mg/L,0,50,,
Unknown,NPOC,Vial 16,,C:\TOC-L\CalCurves\KP_lowNPOC_0_10.cal,C:\TOC-L\CalCurves\KP_lowNPOC_0_10.2019_10_02_14_58_37.cal,1,,11/20/2019 2:22:53 PM,1,1,NPOC,44.09,-56.56,NPOC:-1.924mg/L,1,50,,
Unknown,NPOC,Vial 16,,C:\TOC-L\CalCurves\KP_lowNPOC_0_10.cal,C:\TOC-L\CalCurves\KP_lowNPOC_0_10.2019_10_02_14_58_37.cal,1,,11/20/2019 2:25:02 PM,1,2,NPOC,1.422,-1.824,NPOC:-1.924mg/L,0,50,,
Unknown,NPOC,Vial 16,,C:\TOC-L\CalCurves\KP_lowNPOC_0_10.cal,C:\TOC-L\CalCurves\KP_lowNPOC_0_10.2019_10_02_14_58_37.cal,1,,11/20/2019 2:28:18 PM,1,3,NPOC,1.577,-2.023,NPOC:-1.924mg/L,0,50,,
Unknown,NPOC,Vial 17,,C:\TOC-L\CalCurves\KP_lowNPOC_0_10.cal,C:\TOC-L\CalCurves\KP_lowNPOC_0_10.2019_10_02_14_58_37.cal,1,,11/20/2019 2:37:32 PM,1,1,NPOC,33.44,-42.9,NPOC:-0.9384mg/L,1,50,,
Unknown,NPOC,Vial 17,,C:\TOC-L\CalCurves\KP_lowNPOC_0_10.cal,C:\TOC-L\CalCurves\KP_lowNPOC_0_10.2019_10_02_14_58_37.cal,1,,11/20/2019 2:39:41 PM,1,2,NPOC,1.034,-1.326,NPOC:-0.9384mg/L,0,50,,
Unknown,NPOC,Vial 17,,C:\TOC-L\CalCurves\KP_lowNPOC_0_10.cal,C:\TOC-L\CalCurves\KP_lowNPOC_0_10.2019_10_02_14_58_37.cal,1,,11/20/2019 2:42:49 PM,1,3,NPOC,0.4291,-0.5505,NPOC:-0.9384mg/L,0,50,,
Unknown,NPOC,Vial 18,,C:\TOC-L\CalCurves\KP_lowNPOC_0_10.cal,C:\TOC-L\CalCurves\KP_lowNPOC_0_10.2019_10_02_14_58_37.cal,1,,11/20/2019 2:52:42 PM,1,1,NPOC,81.81,-104.9,NPOC:-1.257mg/L,1,50,,
Unknown,NPOC,Vial 18,,C:\TOC-L\CalCurves\KP_lowNPOC_0_10.cal,C:\TOC-L\CalCurves\KP_lowNPOC_0_10.2019_10_02_14_58_37.cal,1,,11/20/2019 2:54:51 PM,1,2,NPOC,1.125,-1.443,NPOC:-1.257mg/L,0,50,,
Unknown,NPOC,Vial 18,,C:\TOC-L\CalCurves\KP_lowNPOC_0_10.cal,C:\TOC-L\CalCurves\KP_lowNPOC_0_10.2019_10_02_14_58_37.cal,1,,11/20/2019 2:57:57 PM,1,3,NPOC,0.835,-1.071,NPOC:-1.257mg/L,0,50,,
Unknown,NPOC,Vial 19,,C:\TOC-L\CalCurves\KP_lowNPOC_0_10.cal,C:\TOC-L\CalCurves\KP_lowNPOC_0_10.2019_10_02_14_58_37.cal,1,,11/20/2019 3:07:48 PM,1,1,NPOC,54.44,-69.84,NPOC:-1.366mg/L,1,50,,
Unknown,NPOC,Vial 19,,C:\TOC-L\CalCurves\KP_lowNPOC_0_10.cal,C:\TOC-L\CalCurves\KP_lowNPOC_0_10.2019_10_02_14_58_37.cal,1,,11/20/2019 3:10:12 PM,1,2,NPOC,1.553,-1.992,NPOC:-1.366mg/L,0,50,,
Unknown,NPOC,Vial 19,,C:\TOC-L\CalCurves\KP_lowNPOC_0_10.cal,C:\TOC-L\CalCurves\KP_lowNPOC_0_10.2019_10_02_14_58_37.cal,1,,11/20/2019 3:13:06 PM,1,3,NPOC,0.5771,-0.7403,NPOC:-1.366mg/L,0,50,,
Unknown,NPOC,Vial 20,,C:\TOC-L\CalCurves\KP_lowNPOC_0_10.cal,C:\TOC-L\CalCurves\KP_lowNPOC_0_10.2019_10_02_14_58_37.cal,1,,11/20/2019 3:23:05 PM,1,1,NPOC,86.04,-110.4,NPOC:-1.367mg/L,1,50,,
Unknown,NPOC,Vial 20,,C:\TOC-L\CalCurves\KP_lowNPOC_0_10.cal,C:\TOC-L\CalCurves\KP_lowNPOC_0_10.2019_10_02_14_58_37.cal,1,,11/20/2019 3:25:33 PM,1,2,NPOC,1.559,-2,NPOC:-1.367mg/L,0,50,,
Unknown,NPOC,Vial 20,,C:\TOC-L\CalCurves\KP_lowNPOC_0_10.cal,C:\TOC-L\CalCurves\KP_lowNPOC_0_10.2019_10_02_14_58_37.cal,1,,11/20/2019 3:28:14 PM,1,3,NPOC,0.5725,-0.7344,NPOC:-1.367mg/L,0,50,,
Unknown,NPOC,Vial 21,,C:\TOC-L\CalCurves\KP_lowNPOC_0_10.cal,C:\TOC-L\CalCurves\KP_lowNPOC_0_10.2019_10_02_14_58_37.cal,1,,11/20/2019 3:38:11 PM,1,1,NPOC,96.11,-123.3,NPOC:-1.702mg/L,1,50,,
Unknown,NPOC,Vial 21,,C:\TOC-L\CalCurves\KP_lowNPOC_0_10.cal,C:\TOC-L\CalCurves\KP_lowNPOC_0_10.2019_10_02_14_58_37.cal,1,,11/20/2019 3:40:40 PM,1,2,NPOC,1.996,-2.56,NPOC:-1.702mg/L,0,50,,
Unknown,NPOC,Vial 21,,C:\TOC-L\CalCurves\KP_lowNPOC_0_10.cal,C:\TOC-L\CalCurves\KP_lowNPOC_0_10.2019_10_02_14_58_37.cal,1,,11/20/2019 3:43:21 PM,1,3,NPOC,0.6581,-0.8442,NPOC:-1.702mg/L,0,50,,
Unknown,NPOC,Vial 22,,C:\TOC-L\CalCurves\KP_lowNPOC_0_10.cal,C:\TOC-L\CalCurves\KP_lowNPOC_0_10.2019_10_02_14_58_37.cal,1,,11/20/2019 3:53:16 PM,1,1,NPOC,86.73,-111.3,NPOC:-1.210mg/L,1,50,,
Unknown,NPOC,Vial 22,,C:\TOC-L\CalCurves\KP_lowNPOC_0_10.cal,C:\TOC-L\CalCurves\KP_lowNPOC_0_10.2019_10_02_14_58_37.cal,1,,11/20/2019 3:55:27 PM,1,2,NPOC,1.431,-1.836,NPOC:-1.210mg/L,0,50,,
Unknown,NPOC,Vial 22,,C:\TOC-L\CalCurves\KP_lowNPOC_0_10.cal,C:\TOC-L\CalCurves\KP_lowNPOC_0_10.2019_10_02_14_58_37.cal,1,,11/20/2019 3:58:36 PM,1,3,NPOC,0.4552,-0.5839,NPOC:-1.210mg/L,0,50,,
Unknown,NPOC,Vial 23,,C:\TOC-L\CalCurves\KP_lowNPOC_0_10.cal,C:\TOC-L\CalCurves\KP_lowNPOC_0_10.2019_10_02_14_58_37.cal,1,,11/20/2019 4:07:59 PM,1,1,NPOC,31,-39.77,NPOC:-1.248mg/L,1,50,,
Unknown,NPOC,Vial 23,,C:\TOC-L\CalCurves\KP_lowNPOC_0_10.cal,C:\TOC-L\CalCurves\KP_lowNPOC_0_10.2019_10_02_14_58_37.cal,1,,11/20/2019 4:10:20 PM,1,2,NPOC,1.447,-1.856,NPOC:-1.248mg/L,0,50,,
Unknown,NPOC,Vial 23,,C:\TOC-L\CalCurves\KP_lowNPOC_0_10.cal,C:\TOC-L\CalCurves\KP_lowNPOC_0_10.2019_10_02_14_58_37.cal,1,,11/20/2019 4:13:15 PM,1,3,NPOC,0.4982,-0.6391,NPOC:-1.248mg/L,0,50,,
Unknown,NPOC,Vial 24,,C:\TOC-L\CalCurves\KP_lowNPOC_0_10.cal,C:\TOC-L\CalCurves\KP_lowNPOC_0_10.2019_10_02_14_58_37.cal,1,,11/20/2019 4:22:17 PM,1,1,NPOC,32.78,-42.05,NPOC:-1.046mg/L,1,50,,
Unknown,NPOC,Vial 24,,C:\TOC-L\CalCurves\KP_lowNPOC_0_10.cal,C:\TOC-L\CalCurves\KP_lowNPOC_0_10.2019_10_02_14_58_37.cal,1,,11/20/2019 4:24:31 PM,1,2,NPOC,1.144,-1.468,NPOC:-1.046mg/L,0,50,,
Unknown,NPOC,Vial 24,,C:\TOC-L\CalCurves\KP_lowNPOC_0_10.cal,C:\TOC-L\CalCurves\KP_lowNPOC_0_10.2019_10_02_14_58_37.cal,1,,11/20/2019 4:27:38 PM,1,3,NPOC,0.4865,-0.6241,NPOC:-1.046mg/L,0,50,,
Unknown,NPOC,Vial 25,,C:\TOC-L\CalCurves\KP_lowNPOC_0_10.cal,C:\TOC-L\CalCurves\KP_lowNPOC_0_10.2019_10_02_14_58_37.cal,1,,11/20/2019 4:37:13 PM,1,1,NPOC,36.88,-47.31,NPOC:-1.688mg/L,1,50,,
Unknown,NPOC,Vial 25,,C:\TOC-L\CalCurves\KP_lowNPOC_0_10.cal,C:\TOC-L\CalCurves\KP_lowNPOC_0_10.2019_10_02_14_58_37.cal,1,,11/20/2019 4:39:22 PM,1,2,NPOC,1.685,-2.162,NPOC:-1.688mg/L,0,50,,
Unknown,NPOC,Vial 25,,C:\TOC-L\CalCurves\KP_lowNPOC_0_10.cal,C:\TOC-L\CalCurves\KP_lowNPOC_0_10.2019_10_02_14_58_37.cal,1,,11/20/2019 4:42:29 PM,1,3,NPOC,0.947,-1.215,NPOC:-1.688mg/L,0,50,,
Unknown,NPOC,Vial 26,,C:\TOC-L\CalCurves\KP_lowNPOC_0_10.cal,C:\TOC-L\CalCurves\KP_lowNPOC_0_10.2019_10_02_14_58_37.cal,1,,11/20/2019 4:51:38 PM,1,1,NPOC,24.05,-30.85,NPOC:-1.311mg/L,1,50,,
Unknown,NPOC,Vial 26,,C:\TOC-L\CalCurves\KP_lowNPOC_0_10.cal,C:\TOC-L\CalCurves\KP_lowNPOC_0_10.2019_10_02_14_58_37.cal,1,,11/20/2019 4:53:59 PM,1,2,NPOC,1.527,-1.959,NPOC:-1.311mg/L,0,50,,
Unknown,NPOC,Vial 26,,C:\TOC-L\CalCurves\KP_lowNPOC_0_10.cal,C:\TOC-L\CalCurves\KP_lowNPOC_0_10.2019_10_02_14_58_37.cal,1,,11/20/2019 4:56:54 PM,1,3,NPOC,0.5173,-0.6636,NPOC:-1.311mg/L,0,50,,
Unknown,NPOC,Vial 27,,C:\TOC-L\CalCurves\KP_lowNPOC_0_10.cal,C:\TOC-L\CalCurves\KP_lowNPOC_0_10.2019_10_02_14_58_37.cal,1,,11/20/2019 5:06:16 PM,1,1,NPOC,30.14,-38.66,NPOC:-0.9958mg/L,1,50,,
Unknown,NPOC,Vial 27,,C:\TOC-L\CalCurves\KP_lowNPOC_0_10.cal,C:\TOC-L\CalCurves\KP_lowNPOC_0_10.2019_10_02_14_58_37.cal,1,,11/20/2019 5:08:25 PM,1,2,NPOC,1.117,-1.433,NPOC:-0.9958mg/L,0,50,,
Unknown,NPOC,Vial 27,,C:\TOC-L\CalCurves\KP_lowNPOC_0_10.cal,C:\TOC-L\CalCurves\KP_lowNPOC_0_10.2019_10_02_14_58_37.cal,1,,11/20/2019 5:11:36 PM,1,3,NPOC,0.4355,-0.5587,NPOC:-0.9958mg/L,0,50,,
Unknown,NPOC,Vial 28,,C:\TOC-L\CalCurves\KP_lowNPOC_0_10.cal,C:\TOC-L\CalCurves\KP_lowNPOC_0_10.2019_10_02_14_58_37.cal,1,,11/20/2019 5:22:01 PM,1,1,NPOC,173.2,-222.2,NPOC:-1.613mg/L,1,50,,
Unknown,NPOC,Vial 28,,C:\TOC-L\CalCurves\KP_lowNPOC_0_10.cal,C:\TOC-L\CalCurves\KP_lowNPOC_0_10.2019_10_02_14_58_37.cal,1,,11/20/2019 5:24:10 PM,1,2,NPOC,1.973,-2.531,NPOC:-1.613mg/L,0,50,,
Unknown,NPOC,Vial 28,,C:\TOC-L\CalCurves\KP_lowNPOC_0_10.cal,C:\TOC-L\CalCurves\KP_lowNPOC_0_10.2019_10_02_14_58_37.cal,1,,11/20/2019 5:27:28 PM,1,3,NPOC,0.5419,-0.6952,NPOC:-1.613mg/L,0,50,,
Unknown,NPOC,Vial 29,,C:\TOC-L\CalCurves\KP_lowNPOC_0_10.cal,C:\TOC-L\CalCurves\KP_lowNPOC_0_10.2019_10_02_14_58_37.cal,1,,11/20/2019 5:37:58 PM,1,1,NPOC,182.7,-234.4,NPOC:-1.001mg/L,1,50,,
Unknown,NPOC,Vial 29,,C:\TOC-L\CalCurves\KP_lowNPOC_0_10.cal,C:\TOC-L\CalCurves\KP_lowNPOC_0_10.2019_10_02_14_58_37.cal,1,,11/20/2019 5:40:17 PM,1,2,NPOC,1.249,-1.602,NPOC:-1.001mg/L,0,50,,
Unknown,NPOC,Vial 29,,C:\TOC-L\CalCurves\KP_lowNPOC_0_10.cal,C:\TOC-L\CalCurves\KP_lowNPOC_0_10.2019_10_02_14_58_37.cal,1,,11/20/2019 5:43:25 PM,1,3,NPOC,0.311,-0.399,NPOC:-1.001mg/L,0,50,,
Unknown,NPOC,Vial 30,,C:\TOC-L\CalCurves\KP_lowNPOC_0_10.cal,C:\TOC-L\CalCurves\KP_lowNPOC_0_10.2019_10_02_14_58_37.cal,1,,11/20/2019 5:53:52 PM,1,1,NPOC,175.9,-225.6,NPOC:-0.6647mg/L,1,50,,
Unknown,NPOC,Vial 30,,C:\TOC-L\CalCurves\KP_lowNPOC_0_10.cal,C:\TOC-L\CalCurves\KP_lowNPOC_0_10.2019_10_02_14_58_37.cal,1,,11/20/2019 5:56:01 PM,1,2,NPOC,0.7582,-0.9726,NPOC:-0.6647mg/L,0,50,,
Unknown,NPOC,Vial 30,,C:\TOC-L\CalCurves\KP_lowNPOC_0_10.cal,C:\TOC-L\CalCurves\KP_lowNPOC_0_10.2019_10_02_14_58_37.cal,1,,11/20/2019 5:59:09 PM,1,3,NPOC,0.2782,-0.3569,NPOC:-0.6647mg/L,0,50,,
Unknown,NPOC,Vial 31,,C:\TOC-L\CalCurves\KP_lowNPOC_0_10.cal,C:\TOC-L\CalCurves\KP_lowNPOC_0_10.2019_10_02_14_58_37.cal,1,,11/20/2019 6:09:32 PM,1,1,NPOC,195.5,-250.8,NPOC:-0.8051mg/L,1,50,,
Unknown,NPOC,Vial 31,,C:\TOC-L\CalCurves\KP_lowNPOC_0_10.cal,C:\TOC-L\CalCurves\KP_lowNPOC_0_10.2019_10_02_14_58_37.cal,1,,11/20/2019 6:11:47 PM,1,2,NPOC,1.087,-1.394,NPOC:-0.8051mg/L,0,50,,
Unknown,NPOC,Vial 31,,C:\TOC-L\CalCurves\KP_lowNPOC_0_10.cal,C:\TOC-L\CalCurves\KP_lowNPOC_0_10.2019_10_02_14_58_37.cal,1,,11/20/2019 6:14:54 PM,1,3,NPOC,0.1682,-0.2158,NPOC:-0.8051mg/L,0,50,,
Unknown,NPOC,Vial 32,,C:\TOC-L\CalCurves\KP_lowNPOC_0_10.cal,C:\TOC-L\CalCurves\KP_lowNPOC_0_10.2019_10_02_14_58_37.cal,1,,11/20/2019 6:25:15 PM,1,1,NPOC,186.8,-239.6,NPOC:-0.8511mg/L,1,50,,
Unknown,NPOC,Vial 32,,C:\TOC-L\CalCurves\KP_lowNPOC_0_10.cal,C:\TOC-L\CalCurves\KP_lowNPOC_0_10.2019_10_02_14_58_37.cal,1,,11/20/2019 6:27:34 PM,1,2,NPOC,1.075,-1.379,NPOC:-0.8511mg/L,0,50,,
Unknown,NPOC,Vial 32,,C:\TOC-L\CalCurves\KP_lowNPOC_0_10.cal,C:\TOC-L\CalCurves\KP_lowNPOC_0_10.2019_10_02_14_58_37.cal,1,,11/20/2019 6:30:41 PM,1,3,NPOC,0.252,-0.3233,NPOC:-0.8511mg/L,0,50,,
Unknown,NPOC,Vial 33,,C:\TOC-L\CalCurves\KP_lowNPOC_0_10.cal,C:\TOC-L\CalCurves\KP_lowNPOC_0_10.2019_10_02_14_58_37.cal,1,,11/20/2019 6:40:53 PM,1,1,NPOC,127.6,-163.7,NPOC:-0.9545mg/L,1,50,,
Unknown,NPOC,Vial 33,,C:\TOC-L\CalCurves\KP_lowNPOC_0_10.cal,C:\TOC-L\CalCurves\KP_lowNPOC_0_10.2019_10_02_14_58_37.cal,1,,11/20/2019 6:43:02 PM,1,2,NPOC,1.151,-1.477,NPOC:-0.9545mg/L,0,50,,
Unknown,NPOC,Vial 33,,C:\TOC-L\CalCurves\KP_lowNPOC_0_10.cal,C:\TOC-L\CalCurves\KP_lowNPOC_0_10.2019_10_02_14_58_37.cal,1,,11/20/2019 6:46:07 PM,1,3,NPOC,0.3372,-0.4326,NPOC:-0.9545mg/L,0,50,,
Unknown,NPOC,Vial 34,,C:\TOC-L\CalCurves\KP_lowNPOC_0_10.cal,C:\TOC-L\CalCurves\KP_lowNPOC_0_10.2019_10_02_14_58_37.cal,1,,11/20/2019 6:56:26 PM,1,1,NPOC,158,-202.7,NPOC:-1.254mg/L,1,50,,
Unknown,NPOC,Vial 34,,C:\TOC-L\CalCurves\KP_lowNPOC_0_10.cal,C:\TOC-L\CalCurves\KP_lowNPOC_0_10.2019_10_02_14_58_37.cal,1,,11/20/2019 6:58:39 PM,1,2,NPOC,1.049,-1.346,NPOC:-1.254mg/L,0,50,,
Unknown,NPOC,Vial 34,,C:\TOC-L\CalCurves\KP_lowNPOC_0_10.cal,C:\TOC-L\CalCurves\KP_lowNPOC_0_10.2019_10_02_14_58_37.cal,1,,11/20/2019 7:01:35 PM,1,3,NPOC,0.9059,-1.162,NPOC:-1.254mg/L,0,50,,
Unknown,NPOC,Vial 35,,C:\TOC-L\CalCurves\KP_lowNPOC_0_10.cal,C:\TOC-L\CalCurves\KP_lowNPOC_0_10.2019_10_02_14_58_37.cal,1,,11/20/2019 7:11:56 PM,1,1,NPOC,138.7,-177.9,NPOC:-0.8897mg/L,1,50,,
Unknown,NPOC,Vial 35,,C:\TOC-L\CalCurves\KP_lowNPOC_0_10.cal,C:\TOC-L\CalCurves\KP_lowNPOC_0_10.2019_10_02_14_58_37.cal,1,,11/20/2019 7:14:10 PM,1,2,NPOC,1.063,-1.364,NPOC:-0.8897mg/L,0,50,,
Unknown,NPOC,Vial 35,,C:\TOC-L\CalCurves\KP_lowNPOC_0_10.cal,C:\TOC-L\CalCurves\KP_lowNPOC_0_10.2019_10_02_14_58_37.cal,1,,11/20/2019 7:17:05 PM,1,3,NPOC,0.3241,-0.4158,NPOC:-0.8897mg/L,0,50,,
Unknown,NPOC,Vial 36,,C:\TOC-L\CalCurves\KP_lowNPOC_0_10.cal,C:\TOC-L\CalCurves\KP_lowNPOC_0_10.2019_10_02_14_58_37.cal,1,,11/20/2019 7:27:18 PM,1,1,NPOC,129.3,-165.9,NPOC:-0.6754mg/L,1,50,,
Unknown,NPOC,Vial 36,,C:\TOC-L\CalCurves\KP_lowNPOC_0_10.cal,C:\TOC-L\CalCurves\KP_lowNPOC_0_10.2019_10_02_14_58_37.cal,1,,11/20/2019 7:29:27 PM,1,2,NPOC,0.7775,-0.9974,NPOC:-0.6754mg/L,0,50,,
Unknown,NPOC,Vial 36,,C:\TOC-L\CalCurves\KP_lowNPOC_0_10.cal,C:\TOC-L\CalCurves\KP_lowNPOC_0_10.2019_10_02_14_58_37.cal,1,,11/20/2019 7:32:35 PM,1,3,NPOC,0.2755,-0.3534,NPOC:-0.6754mg/L,0,50,,
Unknown,NPOC,Vial 37,,C:\TOC-L\CalCurves\KP_lowNPOC_0_10.cal,C:\TOC-L\CalCurves\KP_lowNPOC_0_10.2019_10_02_14_58_37.cal,1,,11/20/2019 7:42:48 PM,1,1,NPOC,127.9,-164.1,NPOC:-1.156mg/L,1,50,,
Unknown,NPOC,Vial 37,,C:\TOC-L\CalCurves\KP_lowNPOC_0_10.cal,C:\TOC-L\CalCurves\KP_lowNPOC_0_10.2019_10_02_14_58_37.cal,1,,11/20/2019 7:45:03 PM,1,2,NPOC,1.447,-1.856,NPOC:-1.156mg/L,0,50,,
Unknown,NPOC,Vial 37,,C:\TOC-L\CalCurves\KP_lowNPOC_0_10.cal,C:\TOC-L\CalCurves\KP_lowNPOC_0_10.2019_10_02_14_58_37.cal,1,,11/20/2019 7:47:57 PM,1,3,NPOC,0.3555,-0.456,NPOC:-1.156mg/L,0,50,,
Unknown,NPOC,Vial 38,,C:\TOC-L\CalCurves\KP_lowNPOC_0_10.cal,C:\TOC-L\CalCurves\KP_lowNPOC_0_10.2019_10_02_14_58_37.cal,1,,11/20/2019 7:56:50 PM,1,1,NPOC,6.055,-7.767,NPOC:-0.9862mg/L,1,50,,
Unknown,NPOC,Vial 38,,C:\TOC-L\CalCurves\KP_lowNPOC_0_10.cal,C:\TOC-L\CalCurves\KP_lowNPOC_0_10.2019_10_02_14_58_37.cal,1,,11/20/2019 7:59:13 PM,1,2,NPOC,1.227,-1.574,NPOC:-0.9862mg/L,0,50,,
Unknown,NPOC,Vial 38,,C:\TOC-L\CalCurves\KP_lowNPOC_0_10.cal,C:\TOC-L\CalCurves\KP_lowNPOC_0_10.2019_10_02_14_58_37.cal,1,,11/20/2019 8:02:20 PM,1,3,NPOC,0.3105,-0.3983,NPOC:-0.9862mg/L,0,50,,
Unknown,NPOC,Vial 39,,C:\TOC-L\CalCurves\KP_lowNPOC_0_10.cal,C:\TOC-L\CalCurves\KP_lowNPOC_0_10.2019_10_02_14_58_37.cal,1,,11/20/2019 8:12:14 PM,1,1,NPOC,48.59,-62.33,NPOC:-0.7381mg/L,1,50,,
Unknown,NPOC,Vial 39,,C:\TOC-L\CalCurves\KP_lowNPOC_0_10.cal,C:\TOC-L\CalCurves\KP_lowNPOC_0_10.2019_10_02_14_58_37.cal,1,,11/20/2019 8:14:22 PM,1,2,NPOC,0.8527,-1.094,NPOC:-0.7381mg/L,0,50,,
Unknown,NPOC,Vial 39,,C:\TOC-L\CalCurves\KP_lowNPOC_0_10.cal,C:\TOC-L\CalCurves\KP_lowNPOC_0_10.2019_10_02_14_58_37.cal,1,,11/20/2019 8:17:28 PM,1,3,NPOC,0.298,-0.3823,NPOC:-0.7381mg/L,0,50,,
Unknown,NPOC,Vial 40,,C:\TOC-L\CalCurves\KP_lowNPOC_0_10.cal,C:\TOC-L\CalCurves\KP_lowNPOC_0_10.2019_10_02_14_58_37.cal,1,,11/20/2019 8:27:23 PM,1,1,NPOC,82.6,-106,NPOC:-0.8977mg/L,1,50,,
Unknown,NPOC,Vial 40,,C:\TOC-L\CalCurves\KP_lowNPOC_0_10.cal,C:\TOC-L\CalCurves\KP_lowNPOC_0_10.2019_10_02_14_58_37.cal,1,,11/20/2019 8:29:32 PM,1,2,NPOC,1.044,-1.339,NPOC:-0.8977mg/L,0,50,,
Unknown,NPOC,Vial 40,,C:\TOC-L\CalCurves\KP_lowNPOC_0_10.cal,C:\TOC-L\CalCurves\KP_lowNPOC_0_10.2019_10_02_14_58_37.cal,1,,11/20/2019 8:32:37 PM,1,3,NPOC,0.3556,-0.4562,NPOC:-0.8977mg/L,0,50,,
Unknown,NPOC,Vial 41,,C:\TOC-L\CalCurves\KP_lowNPOC_0_10.cal,C:\TOC-L\CalCurves\KP_lowNPOC_0_10.2019_10_02_14_58_37.cal,1,,11/20/2019 8:42:47 PM,1,1,NPOC,91.77,-117.7,NPOC:-1.175mg/L,1,50,,
Unknown,NPOC,Vial 41,,C:\TOC-L\CalCurves\KP_lowNPOC_0_10.cal,C:\TOC-L\CalCurves\KP_lowNPOC_0_10.2019_10_02_14_58_37.cal,1,,11/20/2019 8:45:13 PM,1,2,NPOC,1.428,-1.832,NPOC:-1.175mg/L,0,50,,
Unknown,NPOC,Vial 41,,C:\TOC-L\CalCurves\KP_lowNPOC_0_10.cal,C:\TOC-L\CalCurves\KP_lowNPOC_0_10.2019_10_02_14_58_37.cal,1,,11/20/2019 8:48:04 PM,1,3,NPOC,0.4045,-0.5189,NPOC:-1.175mg/L,0,50,,
Unknown,NPOC,Vial 42,,C:\TOC-L\CalCurves\KP_lowNPOC_0_10.cal,C:\TOC-L\CalCurves\KP_lowNPOC_0_10.2019_10_02_14_58_37.cal,1,,11/20/2019 8:58:36 PM,1,1,NPOC,96.69,-124,NPOC:-1.478mg/L,1,50,,
Unknown,NPOC,Vial 42,,C:\TOC-L\CalCurves\KP_lowNPOC_0_10.cal,C:\TOC-L\CalCurves\KP_lowNPOC_0_10.2019_10_02_14_58_37.cal,1,,11/20/2019 9:01:03 PM,1,2,NPOC,1.939,-2.487,NPOC:-1.478mg/L,0,50,,
Unknown,NPOC,Vial 42,,C:\TOC-L\CalCurves\KP_lowNPOC_0_10.cal,C:\TOC-L\CalCurves\KP_lowNPOC_0_10.2019_10_02_14_58_37.cal,1,,11/20/2019 9:03:55 PM,1,3,NPOC,0.3661,-0.4696,NPOC:-1.478mg/L,0,50,,
Unknown,NPOC,Vial 43,,C:\TOC-L\CalCurves\KP_lowNPOC_0_10.cal,C:\TOC-L\CalCurves\KP_lowNPOC_0_10.2019_10_02_14_58_37.cal,1,,11/20/2019 9:13:43 PM,1,1,NPOC,70.8,-90.82,NPOC:-0.8415mg/L,1,50,,
Unknown,NPOC,Vial 43,,C:\TOC-L\CalCurves\KP_lowNPOC_0_10.cal,C:\TOC-L\CalCurves\KP_lowNPOC_0_10.2019_10_02_14_58_37.cal,1,,11/20/2019 9:16:04 PM,1,2,NPOC,1.312,-1.683,NPOC:-0.8415mg/L,0,50,,
Unknown,NPOC,Vial 43,,C:\TOC-L\CalCurves\KP_lowNPOC_0_10.cal,C:\TOC-L\CalCurves\KP_lowNPOC_0_10.2019_10_02_14_58_37.cal,1,,11/20/2019 9:18:56 PM,1,3,NPOC,0,0,NPOC:-0.8415mg/L,0,50,,
Unknown,NPOC,Vial 44,,C:\TOC-L\CalCurves\KP_lowNPOC_0_10.cal,C:\TOC-L\CalCurves\KP_lowNPOC_0_10.2019_10_02_14_58_37.cal,1,,11/20/2019 9:28:56 PM,1,1,NPOC,91.24,-117,NPOC:-0.7458mg/L,1,50,,
Unknown,NPOC,Vial 44,,C:\TOC-L\CalCurves\KP_lowNPOC_0_10.cal,C:\TOC-L\CalCurves\KP_lowNPOC_0_10.2019_10_02_14_58_37.cal,1,,11/20/2019 9:31:05 PM,1,2,NPOC,0.846,-1.085,NPOC:-0.7458mg/L,0,50,,
Unknown,NPOC,Vial 44,,C:\TOC-L\CalCurves\KP_lowNPOC_0_10.cal,C:\TOC-L\CalCurves\KP_lowNPOC_0_10.2019_10_02_14_58_37.cal,1,,11/20/2019 9:34:10 PM,1,3,NPOC,0.3167,-0.4063,NPOC:-0.7458mg/L,0,50,,
Unknown,NPOC,Vial 45,,C:\TOC-L\CalCurves\KP_lowNPOC_0_10.cal,C:\TOC-L\CalCurves\KP_lowNPOC_0_10.2019_10_02_14_58_37.cal,1,,11/20/2019 9:43:37 PM,1,1,NPOC,29.6,-37.97,NPOC:-0.9286mg/L,1,50,,
Unknown,NPOC,Vial 45,,C:\TOC-L\CalCurves\KP_lowNPOC_0_10.cal,C:\TOC-L\CalCurves\KP_lowNPOC_0_10.2019_10_02_14_58_37.cal,1,,11/20/2019 9:45:46 PM,1,2,NPOC,1.125,-1.443,NPOC:-0.9286mg/L,0,50,,
Unknown,NPOC,Vial 45,,C:\TOC-L\CalCurves\KP_lowNPOC_0_10.cal,C:\TOC-L\CalCurves\KP_lowNPOC_0_10.2019_10_02_14_58_37.cal,1,,11/20/2019 9:48:54 PM,1,3,NPOC,0.3227,-0.414,NPOC:-0.9286mg/L,0,50,,
Unknown,NPOC,Vial 46,,C:\TOC-L\CalCurves\KP_lowNPOC_0_10.cal,C:\TOC-L\CalCurves\KP_lowNPOC_0_10.2019_10_02_14_58_37.cal,1,,11/20/2019 9:58:27 PM,1,1,NPOC,34.54,-44.31,NPOC:-0.7241mg/L,1,50,,
Unknown,NPOC,Vial 46,,C:\TOC-L\CalCurves\KP_lowNPOC_0_10.cal,C:\TOC-L\CalCurves\KP_lowNPOC_0_10.2019_10_02_14_58_37.cal,1,,11/20/2019 10:00:36 PM,1,2,NPOC,0.8262,-1.06,NPOC:-0.7241mg/L,0,50,,
Unknown,NPOC,Vial 46,,C:\TOC-L\CalCurves\KP_lowNPOC_0_10.cal,C:\TOC-L\CalCurves\KP_lowNPOC_0_10.2019_10_02_14_58_37.cal,1,,11/20/2019 10:03:43 PM,1,3,NPOC,0.3027,-0.3883,NPOC:-0.7241mg/L,0,50,,
Unknown,NPOC,Vial 47,,C:\TOC-L\CalCurves\KP_lowNPOC_0_10.cal,C:\TOC-L\CalCurves\KP_lowNPOC_0_10.2019_10_02_14_58_37.cal,1,,11/20/2019 10:13:09 PM,1,1,NPOC,31.76,-40.74,NPOC:-1.124mg/L,1,50,,
Unknown,NPOC,Vial 47,,C:\TOC-L\CalCurves\KP_lowNPOC_0_10.cal,C:\TOC-L\CalCurves\KP_lowNPOC_0_10.2019_10_02_14_58_37.cal,1,,11/20/2019 10:15:31 PM,1,2,NPOC,1.392,-1.786,NPOC:-1.124mg/L,0,50,,
Unknown,NPOC,Vial 47,,C:\TOC-L\CalCurves\KP_lowNPOC_0_10.cal,C:\TOC-L\CalCurves\KP_lowNPOC_0_10.2019_10_02_14_58_37.cal,1,,11/20/2019 10:18:25 PM,1,3,NPOC,0.3603,-0.4622,NPOC:-1.124mg/L,0,50,,
Unknown,NPOC,Vial 48,,C:\TOC-L\CalCurves\KP_lowNPOC_0_10.cal,C:\TOC-L\CalCurves\KP_lowNPOC_0_10.2019_10_02_14_58_37.cal,1,,11/20/2019 10:28:06 PM,1,1,NPOC,28.83,-36.98,NPOC:-0.7845mg/L,1,50,,
Unknown,NPOC,Vial 48,,C:\TOC-L\CalCurves\KP_lowNPOC_0_10.cal,C:\TOC-L\CalCurves\KP_lowNPOC_0_10.2019_10_02_14_58_37.cal,1,,11/20/2019 10:30:15 PM,1,2,NPOC,0.9501,-1.219,NPOC:-0.7845mg/L,0,50,,
Unknown,NPOC,Vial 48,,C:\TOC-L\CalCurves\KP_lowNPOC_0_10.cal,C:\TOC-L\CalCurves\KP_lowNPOC_0_10.2019_10_02_14_58_37.cal,1,,11/20/2019 10:33:21 PM,1,3,NPOC,0.273,-0.3502,NPOC:-0.7845mg/L,0,50,,
Unknown,NPOC,Vial 49,,C:\TOC-L\CalCurves\KP_lowNPOC_0_10.cal,C:\TOC-L\CalCurves\KP_lowNPOC_0_10.2019_10_02_14_58_37.cal,1,,11/20/2019 10:43:00 PM,1,1,NPOC,43.4,-55.67,NPOC:-0.9647mg/L,1,50,,
Unknown,NPOC,Vial 49,,C:\TOC-L\CalCurves\KP_lowNPOC_0_10.cal,C:\TOC-L\CalCurves\KP_lowNPOC_0_10.2019_10_02_14_58_37.cal,1,,11/20/2019 10:45:09 PM,1,2,NPOC,1.212,-1.555,NPOC:-0.9647mg/L,0,50,,
Unknown,NPOC,Vial 49,,C:\TOC-L\CalCurves\KP_lowNPOC_0_10.cal,C:\TOC-L\CalCurves\KP_lowNPOC_0_10.2019_10_02_14_58_37.cal,1,,11/20/2019 10:48:18 PM,1,3,NPOC,0.292,-0.3746,NPOC:-0.9647mg/L,0,50,,
Unknown,NPOC,Vial 50,,C:\TOC-L\CalCurves\KP_lowNPOC_0_10.cal,C:\TOC-L\CalCurves\KP_lowNPOC_0_10.2019_10_02_14_58_37.cal,1,,11/20/2019 10:58:24 PM,1,1,NPOC,74.43,-95.48,NPOC:-0.5124mg/L,1,50,,
Unknown,NPOC,Vial 50,,C:\TOC-L\CalCurves\KP_lowNPOC_0_10.cal,C:\TOC-L\CalCurves\KP_lowNPOC_0_10.2019_10_02_14_58_37.cal,1,,11/20/2019 11:00:33 PM,1,2,NPOC,0.7988,-1.025,NPOC:-0.5124mg/L,0,50,,
Unknown,NPOC,Vial 50,,C:\TOC-L\CalCurves\KP_lowNPOC_0_10.cal,C:\TOC-L\CalCurves\KP_lowNPOC_0_10.2019_10_02_14_58_37.cal,1,,11/20/2019 11:03:40 PM,1,3,NPOC,0,0,NPOC:-0.5124mg/L,0,50,,
Unknown,NPOC,Vial 51,,C:\TOC-L\CalCurves\KP_lowNPOC_0_10.cal,C:\TOC-L\CalCurves\KP_lowNPOC_0_10.2019_10_02_14_58_37.cal,1,,11/20/2019 11:13:23 PM,1,1,NPOC,67.94,-87.15,NPOC:-0.7077mg/L,1,50,,
Unknown,NPOC,Vial 51,,C:\TOC-L\CalCurves\KP_lowNPOC_0_10.cal,C:\TOC-L\CalCurves\KP_lowNPOC_0_10.2019_10_02_14_58_37.cal,1,,11/20/2019 11:15:32 PM,1,2,NPOC,0.8359,-1.072,NPOC:-0.7077mg/L,0,50,,
Unknown,NPOC,Vial 51,,C:\TOC-L\CalCurves\KP_lowNPOC_0_10.cal,C:\TOC-L\CalCurves\KP_lowNPOC_0_10.2019_10_02_14_58_37.cal,1,,11/20/2019 11:18:39 PM,1,3,NPOC,0.2674,-0.343,NPOC:-0.7077mg/L,0,50,,
Unknown,NPOC,Vial 52,,C:\TOC-L\CalCurves\KP_lowNPOC_0_10.cal,C:\TOC-L\CalCurves\KP_lowNPOC_0_10.2019_10_02_14_58_37.cal,1,,11/20/2019 11:28:52 PM,1,1,NPOC,74.75,-95.89,NPOC:-1.045mg/L,1,50,,
Unknown,NPOC,Vial 52,,C:\TOC-L\CalCurves\KP_lowNPOC_0_10.cal,C:\TOC-L\CalCurves\KP_lowNPOC_0_10.2019_10_02_14_58_37.cal,1,,11/20/2019 11:31:01 PM,1,2,NPOC,0.8571,-1.099,NPOC:-1.045mg/L,0,50,,
Unknown,NPOC,Vial 52,,C:\TOC-L\CalCurves\KP_lowNPOC_0_10.cal,C:\TOC-L\CalCurves\KP_lowNPOC_0_10.2019_10_02_14_58_37.cal,1,,11/20/2019 11:34:09 PM,1,3,NPOC,0.7727,-0.9912,NPOC:-1.045mg/L,0,50,,
Unknown,NPOC,Vial 53,,C:\TOC-L\CalCurves\KP_lowNPOC_0_10.cal,C:\TOC-L\CalCurves\KP_lowNPOC_0_10.2019_10_02_14_58_37.cal,1,,11/20/2019 11:44:10 PM,1,1,NPOC,68.56,-87.95,NPOC:-1.022mg/L,1,50,,
Unknown,NPOC,Vial 53,,C:\TOC-L\CalCurves\KP_lowNPOC_0_10.cal,C:\TOC-L\CalCurves\KP_lowNPOC_0_10.2019_10_02_14_58_37.cal,1,,11/20/2019 11:46:26 PM,1,2,NPOC,1.3,-1.668,NPOC:-1.022mg/L,0,50,,
Unknown,NPOC,Vial 53,,C:\TOC-L\CalCurves\KP_lowNPOC_0_10.cal,C:\TOC-L\CalCurves\KP_lowNPOC_0_10.2019_10_02_14_58_37.cal,1,,11/20/2019 11:49:33 PM,1,3,NPOC,0.2931,-0.376,NPOC:-1.022mg/L,0,50,,
Unknown,NPOC,Vial 54,,C:\TOC-L\CalCurves\KP_lowNPOC_0_10.cal,C:\TOC-L\CalCurves\KP_lowNPOC_0_10.2019_10_02_14_58_37.cal,1,,11/20/2019 11:59:31 PM,1,1,NPOC,70.25,-90.12,NPOC:-1.134mg/L,1,50,,
Unknown,NPOC,Vial 54,,C:\TOC-L\CalCurves\KP_lowNPOC_0_10.cal,C:\TOC-L\CalCurves\KP_lowNPOC_0_10.2019_10_02_14_58_37.cal,1,,11/21/2019 12:01:40 AM,1,2,NPOC,0.8552,-1.097,NPOC:-1.134mg/L,0,50,,
Unknown,NPOC,Vial 54,,C:\TOC-L\CalCurves\KP_lowNPOC_0_10.cal,C:\TOC-L\CalCurves\KP_lowNPOC_0_10.2019_10_02_14_58_37.cal,1,,11/21/2019 12:04:50 AM,1,3,NPOC,0.9133,-1.172,NPOC:-1.134mg/L,0,50,,
Unknown,NPOC,Vial 55,,C:\TOC-L\CalCurves\KP_lowNPOC_0_10.cal,C:\TOC-L\CalCurves\KP_lowNPOC_0_10.2019_10_02_14_58_37.cal,1,,11/21/2019 12:14:09 AM,1,1,NPOC,34.26,-43.95,NPOC:-0.7117mg/L,1,50,,
Unknown,NPOC,Vial 55,,C:\TOC-L\CalCurves\KP_lowNPOC_0_10.cal,C:\TOC-L\CalCurves\KP_lowNPOC_0_10.2019_10_02_14_58_37.cal,1,,11/21/2019 12:16:18 AM,1,2,NPOC,0.7941,-1.019,NPOC:-0.7117mg/L,0,50,,
Unknown,NPOC,Vial 55,,C:\TOC-L\CalCurves\KP_lowNPOC_0_10.cal,C:\TOC-L\CalCurves\KP_lowNPOC_0_10.2019_10_02_14_58_37.cal,1,,11/21/2019 12:19:27 AM,1,3,NPOC,0.3155,-0.4047,NPOC:-0.7117mg/L,0,50,,
Unknown,NPOC,Vial 56,,C:\TOC-L\CalCurves\KP_lowNPOC_0_10.cal,C:\TOC-L\CalCurves\KP_lowNPOC_0_10.2019_10_02_14_58_37.cal,1,,11/21/2019 12:28:49 AM,1,1,NPOC,28.84,-37,NPOC:-1.064mg/L,1,50,,
Unknown,NPOC,Vial 56,,C:\TOC-L\CalCurves\KP_lowNPOC_0_10.cal,C:\TOC-L\CalCurves\KP_lowNPOC_0_10.2019_10_02_14_58_37.cal,1,,11/21/2019 12:30:58 AM,1,2,NPOC,1.147,-1.471,NPOC:-1.064mg/L,0,50,,
Unknown,NPOC,Vial 56,,C:\TOC-L\CalCurves\KP_lowNPOC_0_10.cal,C:\TOC-L\CalCurves\KP_lowNPOC_0_10.2019_10_02_14_58_37.cal,1,,11/21/2019 12:34:04 AM,1,3,NPOC,0.5112,-0.6558,NPOC:-1.064mg/L,0,50,,
Unknown,NPOC,Vial 57,,C:\TOC-L\CalCurves\KP_lowNPOC_0_10.cal,C:\TOC-L\CalCurves\KP_lowNPOC_0_10.2019_10_02_14_58_37.cal,1,,11/21/2019 12:43:31 AM,1,1,NPOC,28.43,-36.47,NPOC:-0.6993mg/L,1,50,,
Unknown,NPOC,Vial 57,,C:\TOC-L\CalCurves\KP_lowNPOC_0_10.cal,C:\TOC-L\CalCurves\KP_lowNPOC_0_10.2019_10_02_14_58_37.cal,1,,11/21/2019 12:45:40 AM,1,2,NPOC,0.4487,-0.5756,NPOC:-0.6993mg/L,0,50,,
Unknown,NPOC,Vial 57,,C:\TOC-L\CalCurves\KP_lowNPOC_0_10.cal,C:\TOC-L\CalCurves\KP_lowNPOC_0_10.2019_10_02_14_58_37.cal,1,,11/21/2019 12:48:49 AM,1,3,NPOC,0.6415,-0.8229,NPOC:-0.6993mg/L,0,50,,
Unknown,NPOC,Vial 58,,C:\TOC-L\CalCurves\KP_lowNPOC_0_10.cal,C:\TOC-L\CalCurves\KP_lowNPOC_0_10.2019_10_02_14_58_37.cal,1,,11/21/2019 12:58:26 AM,1,1,NPOC,25.24,-32.38,NPOC:-1.136mg/L,1,50,,
Unknown,NPOC,Vial 58,,C:\TOC-L\CalCurves\KP_lowNPOC_0_10.cal,C:\TOC-L\CalCurves\KP_lowNPOC_0_10.2019_10_02_14_58_37.cal,1,,11/21/2019 1:00:39 AM,1,2,NPOC,1.443,-1.851,NPOC:-1.136mg/L,0,50,,
Unknown,NPOC,Vial 58,,C:\TOC-L\CalCurves\KP_lowNPOC_0_10.cal,C:\TOC-L\CalCurves\KP_lowNPOC_0_10.2019_10_02_14_58_37.cal,1,,11/21/2019 1:03:35 AM,1,3,NPOC,0.3275,-0.4201,NPOC:-1.136mg/L,0,50,,
Unknown,NPOC,Vial 59,,C:\TOC-L\CalCurves\KP_lowNPOC_0_10.cal,C:\TOC-L\CalCurves\KP_lowNPOC_0_10.2019_10_02_14_58_37.cal,1,,11/21/2019 1:12:55 AM,1,1,NPOC,28.68,-36.79,NPOC:-0.8390mg/L,1,50,,
Unknown,NPOC,Vial 59,,C:\TOC-L\CalCurves\KP_lowNPOC_0_10.cal,C:\TOC-L\CalCurves\KP_lowNPOC_0_10.2019_10_02_14_58_37.cal,1,,11/21/2019 1:15:04 AM,1,2,NPOC,0.7865,-1.009,NPOC:-0.8390mg/L,0,50,,
Unknown,NPOC,Vial 59,,C:\TOC-L\CalCurves\KP_lowNPOC_0_10.cal,C:\TOC-L\CalCurves\KP_lowNPOC_0_10.2019_10_02_14_58_37.cal,1,,11/21/2019 1:18:13 AM,1,3,NPOC,0.5215,-0.669,NPOC:-0.8390mg/L,0,50,,
Unknown,NPOC,Vial 60,,C:\TOC-L\CalCurves\KP_lowNPOC_0_10.cal,C:\TOC-L\CalCurves\KP_lowNPOC_0_10.2019_10_02_14_58_37.cal,1,,11/21/2019 1:28:27 AM,1,1,NPOC,161.4,-207,NPOC:-1.739mg/L,1,50,,
Unknown,NPOC,Vial 60,,C:\TOC-L\CalCurves\KP_lowNPOC_0_10.cal,C:\TOC-L\CalCurves\KP_lowNPOC_0_10.2019_10_02_14_58_37.cal,1,,11/21/2019 1:30:47 AM,1,2,NPOC,2.278,-2.922,NPOC:-1.739mg/L,0,50,,
Unknown,NPOC,Vial 60,,C:\TOC-L\CalCurves\KP_lowNPOC_0_10.cal,C:\TOC-L\CalCurves\KP_lowNPOC_0_10.2019_10_02_14_58_37.cal,1,,11/21/2019 1:33:40 AM,1,3,NPOC,0.4326,-0.5549,NPOC:-1.739mg/L,0,50,,
Unknown,NPOC,Vial 61,,C:\TOC-L\CalCurves\KP_lowNPOC_0_10.cal,C:\TOC-L\CalCurves\KP_lowNPOC_0_10.2019_10_02_14_58_37.cal,1,,11/21/2019 1:44:01 AM,1,1,NPOC,173,-221.9,NPOC:-1.337mg/L,1,50,,
Unknown,NPOC,Vial 61,,C:\TOC-L\CalCurves\KP_lowNPOC_0_10.cal,C:\TOC-L\CalCurves\KP_lowNPOC_0_10.2019_10_02_14_58_37.cal,1,,11/21/2019 1:46:10 AM,1,2,NPOC,0.8949,-1.148,NPOC:-1.337mg/L,0,50,,
Unknown,NPOC,Vial 61,,C:\TOC-L\CalCurves\KP_lowNPOC_0_10.cal,C:\TOC-L\CalCurves\KP_lowNPOC_0_10.2019_10_02_14_58_37.cal,1,,11/21/2019 1:49:22 AM,1,3,NPOC,1.189,-1.525,NPOC:-1.337mg/L,0,50,,
Unknown,NPOC,Vial 62,,C:\TOC-L\CalCurves\KP_lowNPOC_0_10.cal,C:\TOC-L\CalCurves\KP_lowNPOC_0_10.2019_10_02_14_58_37.cal,1,,11/21/2019 1:59:47 AM,1,1,NPOC,188.3,-241.6,NPOC:-1.245mg/L,1,50,,
Unknown,NPOC,Vial 62,,C:\TOC-L\CalCurves\KP_lowNPOC_0_10.cal,C:\TOC-L\CalCurves\KP_lowNPOC_0_10.2019_10_02_14_58_37.cal,1,,11/21/2019 2:01:59 AM,1,2,NPOC,1.387,-1.779,NPOC:-1.245mg/L,0,50,,
Unknown,NPOC,Vial 62,,C:\TOC-L\CalCurves\KP_lowNPOC_0_10.cal,C:\TOC-L\CalCurves\KP_lowNPOC_0_10.2019_10_02_14_58_37.cal,1,,11/21/2019 2:05:00 AM,1,3,NPOC,0.5537,-0.7103,NPOC:-1.245mg/L,0,50,,
Unknown,NPOC,Vial 63,,C:\TOC-L\CalCurves\KP_lowNPOC_0_10.cal,C:\TOC-L\CalCurves\KP_lowNPOC_0_10.2019_10_02_14_58_37.cal,1,,11/21/2019 2:15:36 AM,1,1,NPOC,138.1,-177.2,NPOC:-1.152mg/L,1,50,,
Unknown,NPOC,Vial 63,,C:\TOC-L\CalCurves\KP_lowNPOC_0_10.cal,C:\TOC-L\CalCurves\KP_lowNPOC_0_10.2019_10_02_14_58_37.cal,1,,11/21/2019 2:17:58 AM,1,2,NPOC,1.313,-1.684,NPOC:-1.152mg/L,0,50,,
Unknown,NPOC,Vial 63,,C:\TOC-L\CalCurves\KP_lowNPOC_0_10.cal,C:\TOC-L\CalCurves\KP_lowNPOC_0_10.2019_10_02_14_58_37.cal,1,,11/21/2019 2:21:06 AM,1,3,NPOC,0.4833,-0.62,NPOC:-1.152mg/L,0,50,,
Unknown,NPOC,Vial 64,,C:\TOC-L\CalCurves\KP_lowNPOC_0_10.cal,C:\TOC-L\CalCurves\KP_lowNPOC_0_10.2019_10_02_14_58_37.cal,1,,11/21/2019 2:31:37 AM,1,1,NPOC,172.5,-221.3,NPOC:-1.097mg/L,1,50,,
Unknown,NPOC,Vial 64,,C:\TOC-L\CalCurves\KP_lowNPOC_0_10.cal,C:\TOC-L\CalCurves\KP_lowNPOC_0_10.2019_10_02_14_58_37.cal,1,,11/21/2019 2:33:48 AM,1,2,NPOC,1.194,-1.532,NPOC:-1.097mg/L,0,50,,
Unknown,NPOC,Vial 64,,C:\TOC-L\CalCurves\KP_lowNPOC_0_10.cal,C:\TOC-L\CalCurves\KP_lowNPOC_0_10.2019_10_02_14_58_37.cal,1,,11/21/2019 2:36:54 AM,1,3,NPOC,0.5162,-0.6622,NPOC:-1.097mg/L,0,50,,
Unknown,NPOC,Vial 65,,C:\TOC-L\CalCurves\KP_lowNPOC_0_10.cal,C:\TOC-L\CalCurves\KP_lowNPOC_0_10.2019_10_02_14_58_37.cal,1,,11/21/2019 2:47:02 AM,1,1,NPOC,133.3,-171,NPOC:-0.7515mg/L,1,50,,
Unknown,NPOC,Vial 65,,C:\TOC-L\CalCurves\KP_lowNPOC_0_10.cal,C:\TOC-L\CalCurves\KP_lowNPOC_0_10.2019_10_02_14_58_37.cal,1,,11/21/2019 2:49:11 AM,1,2,NPOC,0.8064,-1.034,NPOC:-0.7515mg/L,0,50,,
Unknown,NPOC,Vial 65,,C:\TOC-L\CalCurves\KP_lowNPOC_0_10.cal,C:\TOC-L\CalCurves\KP_lowNPOC_0_10.2019_10_02_14_58_37.cal,1,,11/21/2019 2:52:17 AM,1,3,NPOC,0.3652,-0.4685,NPOC:-0.7515mg/L,0,50,,
Unknown,NPOC,Vial 66,,C:\TOC-L\CalCurves\KP_lowNPOC_0_10.cal,C:\TOC-L\CalCurves\KP_lowNPOC_0_10.2019_10_02_14_58_37.cal,1,,11/21/2019 3:02:25 AM,1,1,NPOC,139.6,-179.1,NPOC:-1.372mg/L,1,50,,
Unknown,NPOC,Vial 66,,C:\TOC-L\CalCurves\KP_lowNPOC_0_10.cal,C:\TOC-L\CalCurves\KP_lowNPOC_0_10.2019_10_02_14_58_37.cal,1,,11/21/2019 3:04:40 AM,1,2,NPOC,1.587,-2.036,NPOC:-1.372mg/L,0,50,,
Unknown,NPOC,Vial 66,,C:\TOC-L\CalCurves\KP_lowNPOC_0_10.cal,C:\TOC-L\CalCurves\KP_lowNPOC_0_10.2019_10_02_14_58_37.cal,1,,11/21/2019 3:07:40 AM,1,3,NPOC,0.5524,-0.7086,NPOC:-1.372mg/L,0,50,,
Unknown,NPOC,Vial 67,,C:\TOC-L\CalCurves\KP_lowNPOC_0_10.cal,C:\TOC-L\CalCurves\KP_lowNPOC_0_10.2019_10_02_14_58_37.cal,1,,11/21/2019 3:17:39 AM,1,1,NPOC,118,-151.4,NPOC:-1.156mg/L,1,50,,
Unknown,NPOC,Vial 67,,C:\TOC-L\CalCurves\KP_lowNPOC_0_10.cal,C:\TOC-L\CalCurves\KP_lowNPOC_0_10.2019_10_02_14_58_37.cal,1,,11/21/2019 3:19:59 AM,1,2,NPOC,1.405,-1.802,NPOC:-1.156mg/L,0,50,,
Unknown,NPOC,Vial 67,,C:\TOC-L\CalCurves\KP_lowNPOC_0_10.cal,C:\TOC-L\CalCurves\KP_lowNPOC_0_10.2019_10_02_14_58_37.cal,1,,11/21/2019 3:22:52 AM,1,3,NPOC,0.398,-0.5106,NPOC:-1.156mg/L,0,50,,
Unknown,NPOC,Vial 68,,C:\TOC-L\CalCurves\KP_lowNPOC_0_10.cal,C:\TOC-L\CalCurves\KP_lowNPOC_0_10.2019_10_02_14_58_37.cal,1,,11/21/2019 3:33:04 AM,1,1,NPOC,108,-138.5,NPOC:-0.9708mg/L,1,50,,
Unknown,NPOC,Vial 68,,C:\TOC-L\CalCurves\KP_lowNPOC_0_10.cal,C:\TOC-L\CalCurves\KP_lowNPOC_0_10.2019_10_02_14_58_37.cal,1,,11/21/2019 3:35:13 AM,1,2,NPOC,0.9392,-1.205,NPOC:-0.9708mg/L,0,50,,
Unknown,NPOC,Vial 68,,C:\TOC-L\CalCurves\KP_lowNPOC_0_10.cal,C:\TOC-L\CalCurves\KP_lowNPOC_0_10.2019_10_02_14_58_37.cal,1,,11/21/2019 3:38:25 AM,1,3,NPOC,0.5743,-0.7367,NPOC:-0.9708mg/L,0,50,,
Unknown,NPOC,Vial 69,,C:\TOC-L\CalCurves\KP_lowNPOC_0_10.cal,C:\TOC-L\CalCurves\KP_lowNPOC_0_10.2019_10_02_14_58_37.cal,1,,11/21/2019 3:48:37 AM,1,1,NPOC,130.6,-167.5,NPOC:-1.811mg/L,1,50,,
Unknown,NPOC,Vial 69,,C:\TOC-L\CalCurves\KP_lowNPOC_0_10.cal,C:\TOC-L\CalCurves\KP_lowNPOC_0_10.2019_10_02_14_58_37.cal,1,,11/21/2019 3:50:49 AM,1,2,NPOC,1.343,-1.723,NPOC:-1.811mg/L,0,50,,
Unknown,NPOC,Vial 69,,C:\TOC-L\CalCurves\KP_lowNPOC_0_10.cal,C:\TOC-L\CalCurves\KP_lowNPOC_0_10.2019_10_02_14_58_37.cal,1,,11/21/2019 3:54:02 AM,1,3,NPOC,1.48,-1.899,NPOC:-1.811mg/L,0,50,,
Unknown,NPOC,Vial 70,,C:\TOC-L\CalCurves\KP_lowNPOC_0_10.cal,C:\TOC-L\CalCurves\KP_lowNPOC_0_10.2019_10_02_14_58_37.cal,1,,11/21/2019 4:03:58 AM,1,1,NPOC,81.82,-105,NPOC:-0.7950mg/L,1,50,,
Unknown,NPOC,Vial 70,,C:\TOC-L\CalCurves\KP_lowNPOC_0_10.cal,C:\TOC-L\CalCurves\KP_lowNPOC_0_10.2019_10_02_14_58_37.cal,1,,11/21/2019 4:06:07 AM,1,2,NPOC,0.9089,-1.166,NPOC:-0.7950mg/L,0,50,,
Unknown,NPOC,Vial 70,,C:\TOC-L\CalCurves\KP_lowNPOC_0_10.cal,C:\TOC-L\CalCurves\KP_lowNPOC_0_10.2019_10_02_14_58_37.cal,1,,11/21/2019 4:09:14 AM,1,3,NPOC,0.3306,-0.4241,NPOC:-0.7950mg/L,0,50,,
Unknown,NPOC,Vial 71,,C:\TOC-L\CalCurves\KP_lowNPOC_0_10.cal,C:\TOC-L\CalCurves\KP_lowNPOC_0_10.2019_10_02_14_58_37.cal,1,,11/21/2019 4:19:06 AM,1,1,NPOC,64.87,-83.22,NPOC:-1.256mg/L,1,50,,
Unknown,NPOC,Vial 71,,C:\TOC-L\CalCurves\KP_lowNPOC_0_10.cal,C:\TOC-L\CalCurves\KP_lowNPOC_0_10.2019_10_02_14_58_37.cal,1,,11/21/2019 4:21:15 AM,1,2,NPOC,0.9031,-1.159,NPOC:-1.256mg/L,0,50,,
Unknown,NPOC,Vial 71,,C:\TOC-L\CalCurves\KP_lowNPOC_0_10.cal,C:\TOC-L\CalCurves\KP_lowNPOC_0_10.2019_10_02_14_58_37.cal,1,,11/21/2019 4:24:27 AM,1,3,NPOC,1.055,-1.353,NPOC:-1.256mg/L,0,50,,
Unknown,NPOC,Vial 72,,C:\TOC-L\CalCurves\KP_lowNPOC_0_10.cal,C:\TOC-L\CalCurves\KP_lowNPOC_0_10.2019_10_02_14_58_37.cal,1,,11/21/2019 4:34:23 AM,1,1,NPOC,71.49,-91.71,NPOC:-1.103mg/L,1,50,,
Unknown,NPOC,Vial 72,,C:\TOC-L\CalCurves\KP_lowNPOC_0_10.cal,C:\TOC-L\CalCurves\KP_lowNPOC_0_10.2019_10_02_14_58_37.cal,1,,11/21/2019 4:36:33 AM,1,2,NPOC,1.32,-1.693,NPOC:-1.103mg/L,0,50,,
Unknown,NPOC,Vial 72,,C:\TOC-L\CalCurves\KP_lowNPOC_0_10.cal,C:\TOC-L\CalCurves\KP_lowNPOC_0_10.2019_10_02_14_58_37.cal,1,,11/21/2019 4:39:39 AM,1,3,NPOC,0.4004,-0.5136,NPOC:-1.103mg/L,0,50,,
Unknown,NPOC,Vial 73,,C:\TOC-L\CalCurves\KP_lowNPOC_0_10.cal,C:\TOC-L\CalCurves\KP_lowNPOC_0_10.2019_10_02_14_58_37.cal,1,,11/21/2019 4:49:58 AM,1,1,NPOC,66.18,-84.9,NPOC:-0.8773mg/L,1,50,,
Unknown,NPOC,Vial 73,,C:\TOC-L\CalCurves\KP_lowNPOC_0_10.cal,C:\TOC-L\CalCurves\KP_lowNPOC_0_10.2019_10_02_14_58_37.cal,1,,11/21/2019 4:52:07 AM,1,2,NPOC,0.9845,-1.263,NPOC:-0.8773mg/L,0,50,,
Unknown,NPOC,Vial 73,,C:\TOC-L\CalCurves\KP_lowNPOC_0_10.cal,C:\TOC-L\CalCurves\KP_lowNPOC_0_10.2019_10_02_14_58_37.cal,1,,11/21/2019 4:55:14 AM,1,3,NPOC,0.3833,-0.4917,NPOC:-0.8773mg/L,0,50,,
Unknown,NPOC,Vial 74,,C:\TOC-L\CalCurves\KP_lowNPOC_0_10.cal,C:\TOC-L\CalCurves\KP_lowNPOC_0_10.2019_10_02_14_58_37.cal,1,,11/21/2019 5:05:22 AM,1,1,NPOC,69.49,-89.14,NPOC:-0.9602mg/L,1,50,,
Unknown,NPOC,Vial 74,,C:\TOC-L\CalCurves\KP_lowNPOC_0_10.cal,C:\TOC-L\CalCurves\KP_lowNPOC_0_10.2019_10_02_14_58_37.cal,1,,11/21/2019 5:07:31 AM,1,2,NPOC,1.074,-1.378,NPOC:-0.9602mg/L,0,50,,
Unknown,NPOC,Vial 74,,C:\TOC-L\CalCurves\KP_lowNPOC_0_10.cal,C:\TOC-L\CalCurves\KP_lowNPOC_0_10.2019_10_02_14_58_37.cal,1,,11/21/2019 5:10:39 AM,1,3,NPOC,0.4231,-0.5428,NPOC:-0.9602mg/L,0,50,,
Unknown,NPOC,Vial 75,,C:\TOC-L\CalCurves\KP_lowNPOC_0_10.cal,C:\TOC-L\CalCurves\KP_lowNPOC_0_10.2019_10_02_14_58_37.cal,1,,11/21/2019 5:20:19 AM,1,1,NPOC,38.26,-49.08,NPOC:-1.086mg/L,1,50,,
Unknown,NPOC,Vial 75,,C:\TOC-L\CalCurves\KP_lowNPOC_0_10.cal,C:\TOC-L\CalCurves\KP_lowNPOC_0_10.2019_10_02_14_58_37.cal,1,,11/21/2019 5:22:28 AM,1,2,NPOC,1.285,-1.648,NPOC:-1.086mg/L,0,50,,
Unknown,NPOC,Vial 75,,C:\TOC-L\CalCurves\KP_lowNPOC_0_10.cal,C:\TOC-L\CalCurves\KP_lowNPOC_0_10.2019_10_02_14_58_37.cal,1,,11/21/2019 5:25:35 AM,1,3,NPOC,0.4083,-0.5238,NPOC:-1.086mg/L,0,50,,
Unknown,NPOC,Vial 76,,C:\TOC-L\CalCurves\KP_lowNPOC_0_10.cal,C:\TOC-L\CalCurves\KP_lowNPOC_0_10.2019_10_02_14_58_37.cal,1,,11/21/2019 5:35:07 AM,1,1,NPOC,27.46,-35.23,NPOC:-1.403mg/L,1,50,,
Unknown,NPOC,Vial 76,,C:\TOC-L\CalCurves\KP_lowNPOC_0_10.cal,C:\TOC-L\CalCurves\KP_lowNPOC_0_10.2019_10_02_14_58_37.cal,1,,11/21/2019 5:37:16 AM,1,2,NPOC,1.687,-2.164,NPOC:-1.403mg/L,0,50,,
Unknown,NPOC,Vial 76,,C:\TOC-L\CalCurves\KP_lowNPOC_0_10.cal,C:\TOC-L\CalCurves\KP_lowNPOC_0_10.2019_10_02_14_58_37.cal,1,,11/21/2019 5:40:23 AM,1,3,NPOC,0.5006,-0.6422,NPOC:-1.403mg/L,0,50,,
Unknown,NPOC,Vial 77,,C:\TOC-L\CalCurves\KP_lowNPOC_0_10.cal,C:\TOC-L\CalCurves\KP_lowNPOC_0_10.2019_10_02_14_58_37.cal,1,,11/21/2019 5:49:39 AM,1,1,NPOC,30.13,-38.65,NPOC:-1.106mg/L,1,50,,
Unknown,NPOC,Vial 77,,C:\TOC-L\CalCurves\KP_lowNPOC_0_10.cal,C:\TOC-L\CalCurves\KP_lowNPOC_0_10.2019_10_02_14_58_37.cal,1,,11/21/2019 5:51:48 AM,1,2,NPOC,1.307,-1.677,NPOC:-1.106mg/L,0,50,,
Unknown,NPOC,Vial 77,,C:\TOC-L\CalCurves\KP_lowNPOC_0_10.cal,C:\TOC-L\CalCurves\KP_lowNPOC_0_10.2019_10_02_14_58_37.cal,1,,11/21/2019 5:54:55 AM,1,3,NPOC,0.4176,-0.5357,NPOC:-1.106mg/L,0,50,,
Unknown,NPOC,Vial 78,,C:\TOC-L\CalCurves\KP_lowNPOC_0_10.cal,C:\TOC-L\CalCurves\KP_lowNPOC_0_10.2019_10_02_14_58_37.cal,1,,11/21/2019 6:04:29 AM,1,1,NPOC,41.88,-53.72,NPOC:-1.469mg/L,1,50,,
Unknown,NPOC,Vial 78,,C:\TOC-L\CalCurves\KP_lowNPOC_0_10.cal,C:\TOC-L\CalCurves\KP_lowNPOC_0_10.2019_10_02_14_58_37.cal,1,,11/21/2019 6:06:38 AM,1,2,NPOC,1.252,-1.606,NPOC:-1.469mg/L,0,50,,
Unknown,NPOC,Vial 78,,C:\TOC-L\CalCurves\KP_lowNPOC_0_10.cal,C:\TOC-L\CalCurves\KP_lowNPOC_0_10.2019_10_02_14_58_37.cal,1,,11/21/2019 6:09:46 AM,1,3,NPOC,1.038,-1.332,NPOC:-1.469mg/L,0,50,,
Unknown,NPOC,Vial 79,,C:\TOC-L\CalCurves\KP_lowNPOC_0_10.cal,C:\TOC-L\CalCurves\KP_lowNPOC_0_10.2019_10_02_14_58_37.cal,1,,11/21/2019 6:19:09 AM,1,1,NPOC,32.77,-42.04,NPOC:-1.300mg/L,1,50,,
Unknown,NPOC,Vial 79,,C:\TOC-L\CalCurves\KP_lowNPOC_0_10.cal,C:\TOC-L\CalCurves\KP_lowNPOC_0_10.2019_10_02_14_58_37.cal,1,,11/21/2019 6:21:29 AM,1,2,NPOC,1.554,-1.993,NPOC:-1.300mg/L,0,50,,
Unknown,NPOC,Vial 79,,C:\TOC-L\CalCurves\KP_lowNPOC_0_10.cal,C:\TOC-L\CalCurves\KP_lowNPOC_0_10.2019_10_02_14_58_37.cal,1,,11/21/2019 6:24:22 AM,1,3,NPOC,0.4725,-0.6061,NPOC:-1.300mg/L,0,50,,
Unknown,NPOC,Vial 80,,C:\TOC-L\CalCurves\KP_lowNPOC_0_10.cal,C:\TOC-L\CalCurves\KP_lowNPOC_0_10.2019_10_02_14_58_37.cal,1,,11/21/2019 6:34:11 AM,1,1,NPOC,54.76,-70.25,NPOC:-1.521mg/L,1,50,,
Unknown,NPOC,Vial 80,,C:\TOC-L\CalCurves\KP_lowNPOC_0_10.cal,C:\TOC-L\CalCurves\KP_lowNPOC_0_10.2019_10_02_14_58_37.cal,1,,11/21/2019 6:36:36 AM,1,2,NPOC,1.693,-2.172,NPOC:-1.521mg/L,0,50,,
Unknown,NPOC,Vial 80,,C:\TOC-L\CalCurves\KP_lowNPOC_0_10.cal,C:\TOC-L\CalCurves\KP_lowNPOC_0_10.2019_10_02_14_58_37.cal,1,,11/21/2019 6:39:41 AM,1,3,NPOC,0.678,-0.8697,NPOC:-1.521mg/L,0,50,,
Unknown,NPOC,Vial 81,,C:\TOC-L\CalCurves\KP_lowNPOC_0_10.cal,C:\TOC-L\CalCurves\KP_lowNPOC_0_10.2019_10_02_14_58_37.cal,1,,11/21/2019 6:49:44 AM,1,1,NPOC,63.66,-81.66,NPOC:-1.372mg/L,1,50,,
Unknown,NPOC,Vial 81,,C:\TOC-L\CalCurves\KP_lowNPOC_0_10.cal,C:\TOC-L\CalCurves\KP_lowNPOC_0_10.2019_10_02_14_58_37.cal,1,,11/21/2019 6:52:10 AM,1,2,NPOC,1.645,-2.11,NPOC:-1.372mg/L,0,50,,
Unknown,NPOC,Vial 81,,C:\TOC-L\CalCurves\KP_lowNPOC_0_10.cal,C:\TOC-L\CalCurves\KP_lowNPOC_0_10.2019_10_02_14_58_37.cal,1,,11/21/2019 6:55:18 AM,1,3,NPOC,0.4942,-0.634,NPOC:-1.372mg/L,0,50,,
Unknown,NPOC,Vial 82,,C:\TOC-L\CalCurves\KP_lowNPOC_0_10.cal,C:\TOC-L\CalCurves\KP_lowNPOC_0_10.2019_10_02_14_58_37.cal,1,,11/21/2019 7:05:22 AM,1,1,NPOC,55.53,-71.23,NPOC:-1.261mg/L,1,50,,
Unknown,NPOC,Vial 82,,C:\TOC-L\CalCurves\KP_lowNPOC_0_10.cal,C:\TOC-L\CalCurves\KP_lowNPOC_0_10.2019_10_02_14_58_37.cal,1,,11/21/2019 7:07:31 AM,1,2,NPOC,1.492,-1.914,NPOC:-1.261mg/L,0,50,,
Unknown,NPOC,Vial 82,,C:\TOC-L\CalCurves\KP_lowNPOC_0_10.cal,C:\TOC-L\CalCurves\KP_lowNPOC_0_10.2019_10_02_14_58_37.cal,1,,11/21/2019 7:10:39 AM,1,3,NPOC,0.474,-0.608,NPOC:-1.261mg/L,0,50,,
Unknown,NPOC,Vial 83,,C:\TOC-L\CalCurves\KP_lowNPOC_0_10.cal,C:\TOC-L\CalCurves\KP_lowNPOC_0_10.2019_10_02_14_58_37.cal,1,,11/21/2019 7:19:27 AM,1,1,NPOC,5.315,-6.818,NPOC:-0.9481mg/L,1,50,,
Unknown,NPOC,Vial 83,,C:\TOC-L\CalCurves\KP_lowNPOC_0_10.cal,C:\TOC-L\CalCurves\KP_lowNPOC_0_10.2019_10_02_14_58_37.cal,1,,11/21/2019 7:21:56 AM,1,2,NPOC,1.042,-1.337,NPOC:-0.9481mg/L,0,50,,
Unknown,NPOC,Vial 83,,C:\TOC-L\CalCurves\KP_lowNPOC_0_10.cal,C:\TOC-L\CalCurves\KP_lowNPOC_0_10.2019_10_02_14_58_37.cal,1,,11/21/2019 7:25:03 AM,1,3,NPOC,0.4362,-0.5596,NPOC:-0.9481mg/L,0,50,,
Unknown,NPOC,Vial 84,,C:\TOC-L\CalCurves\KP_lowNPOC_0_10.cal,C:\TOC-L\CalCurves\KP_lowNPOC_0_10.2019_10_02_14_58_37.cal,1,,11/21/2019 7:34:42 AM,1,1,NPOC,50.9,-65.29,NPOC:-0.9697mg/L,1,50,,
Unknown,NPOC,Vial 84,,C:\TOC-L\CalCurves\KP_lowNPOC_0_10.cal,C:\TOC-L\CalCurves\KP_lowNPOC_0_10.2019_10_02_14_58_37.cal,1,,11/21/2019 7:36:51 AM,1,2,NPOC,1.035,-1.328,NPOC:-0.9697mg/L,0,50,,
Unknown,NPOC,Vial 84,,C:\TOC-L\CalCurves\KP_lowNPOC_0_10.cal,C:\TOC-L\CalCurves\KP_lowNPOC_0_10.2019_10_02_14_58_37.cal,1,,11/21/2019 7:39:57 AM,1,3,NPOC,0.4769,-0.6118,NPOC:-0.9697mg/L,0,50,,